importer,imports_from
base_flow,flux
base_flow,grid
base_flow,motion
base_flow,tangent_se2
boundary_vector,direction
checkgeom,base_flow
checkgeom,geometry
checkgeom,grid
checkgeom,output_tecplot
checkgeom,parm_parser
checkgeom,regularizer
checkgeom,state
cholesky_solver,boundary_vector
cholesky_solver,grid
cholesky_solver,navier_stokes_model
cholesky_solver,projection_solver
conjugate_gradient_solver,boundary_vector
conjugate_gradient_solver,grid
conjugate_gradient_solver,navier_stokes_model
conjugate_gradient_solver,projection_solver
eldredge1,motion
eldredge1,tangent_se2
eldredge2,motion
eldredge2,tangent_se2
eldredge_combined2,motion
eldredge_combined2,tangent_se2
eldredge_maneuver,motion
eldredge_maneuver,tangent_se2
elliptic_solver,bc
elliptic_solver,elliptic_solver_2d
elliptic_solver,grid
elliptic_solver,scalar
elliptic_solver_2d,bc
field,grid
fixed_position,motion
fixed_position,tangent_se2
fixed_velocity,motion
fixed_velocity,tangent_se2
flux,direction
flux,field
flux,grid
flux,tangent_se2
geometry,boundary_vector
geometry,direction
geometry,motion
geometry,rigid_body
geometry,utils
ib_solver,boundary_vector
ib_solver,cholesky_solver
ib_solver,conjugate_gradient_solver
ib_solver,grid
ib_solver,navier_stokes_model
ib_solver,projection_solver
ib_solver,scalar
ib_solver,scheme
ib_solver,state
ib_solver,vector_operations
ibpm,base_flow
ibpm,flux
ibpm,geometry
ibpm,grid
ibpm,ib_solver
ibpm,logger
ibpm,motion
ibpm,navier_stokes_model
ibpm,output_energy
ibpm,output_force
ibpm,output_restart
ibpm,output_tecplot
ibpm,parm_parser
ibpm,scheme
ibpm,state
ibpm,utils
ibpm,vector_operations
lag_step1,motion
lag_step1,tangent_se2
lag_step2,motion
lag_step2,tangent_se2
logger,base_flow
logger,output
logger,state
motion,tangent_se2
motion_file,motion
motion_file,tangent_se2
motion_file_periodic,motion
motion_file_periodic,tangent_se2
navier_stokes_model,base_flow
navier_stokes_model,boundary_vector
navier_stokes_model,elliptic_solver
navier_stokes_model,flux
navier_stokes_model,geometry
navier_stokes_model,grid
navier_stokes_model,regularizer
navier_stokes_model,scalar
navier_stokes_model,state
navier_stokes_model,vector_operations
output_energy,base_flow
output_energy,output
output_energy,state
output_energy,vector_operations
output_force,base_flow
output_force,output
output_force,state
output_probes,base_flow
output_probes,direction
output_probes,grid
output_probes,output
output_probes,scalar
output_probes,state
output_probes,vector_operations
output_restart,base_flow
output_restart,output
output_restart,state
output_tecplot,base_flow
output_tecplot,output
output_tecplot,scalar
output_tecplot,scalar_to_tecplot
output_tecplot,state
output_tecplot,vector_operations
pitch_plunge,motion
pitch_plunge,tangent_se2
projection_solver,boundary_vector
projection_solver,elliptic_solver
projection_solver,grid
projection_solver,navier_stokes_model
projection_solver,scalar
regularizer,boundary_vector
regularizer,direction
regularizer,flux
regularizer,geometry
regularizer,grid
rigid_body,boundary_vector
rigid_body,direction
rigid_body,eldredge1
rigid_body,eldredge2
rigid_body,eldredge_combined2
rigid_body,eldredge_maneuver
rigid_body,fixed_position
rigid_body,fixed_velocity
rigid_body,lag_step1
rigid_body,lag_step2
rigid_body,motion
rigid_body,motion_file
rigid_body,motion_file_periodic
rigid_body,pitch_plunge
rigid_body,sigmoidal_step
rigid_body,utils
scalar,bc
scalar,field
scalar,grid
scalar_to_tecplot,scalar
sigmoidal_step,motion
sigmoidal_step,tangent_se2
state,boundary_vector
state,direction
state,flux
state,grid
state,scalar
vector_operations,bc
vector_operations,direction
vector_operations,flux
vector_operations,scalar
